state,STATE_AQI,cities,HEALTH_RISK_TIER
Andhra Pradesh,81.0,1,Satisfactory
Assam,37.0,1,Good
Bihar,45.0,1,Good
Chandigarh,168.0,1,Moderate
Delhi,167.0,1,Moderate
Gujarat,162.0,2,Moderate
Haryana,176.0,1,Moderate
Himachal Pradesh,168.0,1,Moderate
Jharkhand,45.0,1,Good
Karnataka,144.0,1,Moderate
Kerala,27.0,1,Good
Madhya Pradesh,144.0,2,Moderate
Maharashtra,162.0,3,Moderate
Odisha,45.0,1,Good
Rajasthan,162.0,1,Moderate
Tamil Nadu,144.0,3,Moderate
Telangana,120.0,1,Moderate
Uttar Pradesh,158.0,5,Moderate
Uttarakhand,168.0,1,Moderate
West Bengal,45.0,1,Good
